,sellers,buyers,arbiter
0,0.3333,0.33333,0.33333
1,0.32,0.48,0.20
2,0.30,0.44,0.26
3,0.41,0.30,0.29
4,0.30,0.33,0.20
5,0.35,0.3,0.38
6,0.46,0.34,0.20